tweet_original_text,tweet_full_text,tweet_id,tweet_emotion,created_at
"RT @Swan827: Love is not what you say. Love is what you do.

#love #joy #happy #unselfish #unconditional #happiness #travel https://t.co/WW‚Ä¶",Love is not what you say . Love is what you do .,1237066917048979456,happy,Mon Mar 09 17:25:11 +0000 2020
Major throwback ... missing those days. #peace #love #life #nature #happiness #photography #meditation #art #joy #instagood #happy #god #faith #music #hope #instagram #travel #yoga #freedom #motivation #inspiration‚Ä¶ https://t.co/YXqXIDf6js,Major throwback ... missing those days .  peace  love  life  nature  happiness  photography  meditation  art  joy  instagood  happy  god  faith  music  hope  instagram  travel  yoga  freedom  motivation  inspiration‚Ä¶,1237062388651827200,happy,Mon Mar 09 17:07:11 +0000 2020
"RT @Swan827: Leave footprints of love and kindness wherever you go.

#love #happy #joy #unselfish #unconditional #thankful #gratitude #trav‚Ä¶",Leave footprints of love and kindness wherever you go .  love  happy  joy  unselfish  unconditional  thankful  gratitude  trav‚Ä¶,1237053329873788929,happy,Mon Mar 09 16:31:11 +0000 2020
"#Holi is the #festival of #color and #love
the life is nothing loveless and colorless

Happy holi
enjoy your #colorful and full of love #life and make others life colored and #beloved

#love #joy #happiness #Happy‚Ä¶ https://t.co/gFn6Cufl1g", Holi is the  festival of  color and the life is nothing loveless and colorless Happy holi enjoy your  colorful and full of love  life and make others life colored and  love  joy  happiness  Happy‚Ä¶,1237044919463809029,happy,Mon Mar 09 15:57:46 +0000 2020
@RescueSoldiers R quickly becoming my fave people. #compassion #kindness #KindnessStartsWith #KindnessConnectsUs #love #bekind #compassion #kindnessmatters #gratitude #inspiration #kind #hope #happy #joy  #instagood #grateful #community #humanity #rescuestory #vegan #Dog #dogs üôè https://t.co/UkimIVwmNE,R quickly becoming my fave people .  compassion  kindness  KindnessStartsWith  KindnessConnectsUs  love  bekind  compassion  kindnessmatters  gratitude  inspiration  kind  hope  happy  joy  instagood  grateful  community  humanity  rescuestory  vegan  Dog  dogs üôè,1237014161457963009,happy,Mon Mar 09 13:55:33 +0000 2020
"RT @Swan827: Live in the moment and enjoy the little things in life.

#joy #happy #love #little #squirrels #outdoors #twitter https://t.co/‚Ä¶",Live in the moment and enjoy the little things in life .,1237008073375600640,happy,Mon Mar 09 13:31:21 +0000 2020
"Happy Holi ... Festival of colors with joy and Happiness.üòÄüòÉ
.
https://t.co/d65rsnSecO
#holi2020 #festival #colors #happy #joy #happy #love #enjoy #websitedevelopment #website #webapplication #application #Buddhistsamaj #buddhistmatrimonyapp #buddhistmatrimony #buddhism #jaybhim https://t.co/mKVbo3ZKUt",Happy Holi ... Festival of colors with joy and Happiness.üòÄüòÉ .,1237006228066144258,happy,Mon Mar 09 13:24:01 +0000 2020
"You can forgive, forget &amp; move forward in whichever way works best for you...always keep your well being in mind! #2BU #inspire #positivevibes #motivationmonday #leader #success #goals #power #strong #smart #passion #believe #faith #happy #life #love #peace #joy #QOTD","You can forgive , forget  amp ; move forward in whichever way works best for you ... always keep your well being in mind !",1237002568213180418,happy,Mon Mar 09 13:09:29 +0000 2020
"Happy Holi !! Enjoy the festival of colors ü§©üòÉ
https://t.co/mmTPKpCWcl
.
#holi2020 #festival #indian #colors #happy #joy #happy #love #enjoy #websitedevelopment #website #webapplication #application #web #Buddhistsamaj #buddhistmatrimonyapp #buddhistmatrimony #buddhism #jaybhim https://t.co/aky2QRfiO1",Happy Holi ! ! Enjoy the festival of colors ü§©üòÉ .,1237001837795897346,happy,Mon Mar 09 13:06:35 +0000 2020
"Happy Holi... Enjoy the festival of colors with joy &amp; Happiness, Use natural colors in this Holi !!üòÉ
https://t.co/si0JMXlxHs
.
#holi2020 #festival #indian #colors #happy #joy #love #enjoy #love #marriageprofile #weddingideas #marriageprofile #marathimatrimony #matrimonyapp https://t.co/m4Vg6Tobgg","Happy Holi ... Enjoy the festival of colors with joy  amp ; Happiness , Use natural colors in this Holi ! ! üòÉ .",1236999955023147010,happy,Mon Mar 09 12:59:06 +0000 2020
"Happy Holi!! Wishing you Joy and Wealth this Holi üòÉüôÇ
https://t.co/AeiasIrf7r
.
#holi2020 #festival #indian #happy #joy #love #enjoy #marraige #wedding #marathimatrimony #weddinginspiration #freeregister #indianwedding #mumbai #matrimonyapp #destinationwedding #loveislove https://t.co/MmQpelMhyM",Happy Holi ! ! Wishing you Joy and Wealth this Holi üòÉüôÇ .,1236998648166141954,happy,Mon Mar 09 12:53:54 +0000 2020
"Gm folks 

#blessings #love #blessed #god #faith #peace #life #happiness #grateful #family #gratitude #jesus #motivation #thankful #happy #prayer #joy #inspiration #positivevibes #happynewyear #godisgood #pray‚Ä¶ https://t.co/bTMGRfKNHp",Gm folks  blessings  love  blessed  god  faith  peace  life  happiness  grateful  family  gratitude  jesus  motivation  thankful  happy  prayer  joy  inspiration  positivevibes  happynewyear  godisgood  pray‚Ä¶,1236997812895789058,happy,Mon Mar 09 12:50:35 +0000 2020
"RT @Swan827: There is a magnet in your heart that will attract true friends.

#love #joy #happy #unselfish #unconditional #happiness #share‚Ä¶",There is a magnet in your heart that will attract true friends .  love  joy  happy  unselfish  unconditional  happiness  share‚Ä¶,1236995779602067459,happy,Mon Mar 09 12:42:30 +0000 2020
Life is an illusion. Love this quote as it reminds us we create our own beliefs and views. #openyourmind #infinitepossibilities #dreambig #inspired #happy #joy #love #bigdreams #youareacreator #meditate‚Ä¶ https://t.co/Br1R29zzva,Life is an illusion . Love this quote as it reminds us we create our own beliefs and views .  openyourmind  infinitepossibilities  dreambig  inspired  happy  joy  love  bigdreams  youareacreator  meditate‚Ä¶,1236979656588320770,happy,Mon Mar 09 11:38:26 +0000 2020
Daily #affirmations #inspiration #motivation #open #awareness #beauty #joy #illuminate #experience #life #light #newthought #kindness #love #peace #grateful #happy ‚ù§Ô∏è‚òÆÔ∏èüôèüòä‚úåÔ∏è‚ù§Ô∏è https://t.co/77oQATHWp6,Daily  affirmations  inspiration  motivation  open  awareness  beauty  joy  illuminate  experience  life  light  newthought  kindness  love  peace  grateful  happy ‚ù§Ô∏è‚òÆÔ∏èüôèüòä‚úåÔ∏è‚ù§Ô∏è,1236965791628656645,happy,Mon Mar 09 10:43:21 +0000 2020
#Happy #Holi #festival of colours #love and #joy surrounds in every moment https://t.co/atVWf22fDq, Happy  Holi  festival of colours  love and  joy surrounds in every moment,1236954312955375616,happy,Mon Mar 09 09:57:44 +0000 2020
"Team #OUTGROW wishes you a Happy #Holi!!
May God paint the canvas of your life with the #colors of #joy, #love, #happiness, #prosperity, good #health and #success.  #Happy #Holi
https://t.co/XQ7ylPYi9F https://t.co/PwJeKCy4nM","Team  OUTGROW wishes you a Happy  Holi ! ! May God paint the canvas of your life with the  colors of  joy ,  love ,  happiness ,  prosperity , good  health and  success .",1236945311227981825,happy,Mon Mar 09 09:21:58 +0000 2020
"RT @Tripleplayinter: #Happy #Holi #2020
May your #life be #colorful with the #colors of #joy,#fun,#happiness,#friendship &amp; #Love.
Enjoy #un‚Ä¶","May your  life be  colorful with the  colors of  joy ,  fun ,  happiness ,  friendship  amp ;  Love . Enjoy  un‚Ä¶",1236907631928905728,happy,Mon Mar 09 06:52:14 +0000 2020
"#Happy #Holi #2020
May your #life be #colorful with the #colors of #joy,#fun,#happiness,#friendship &amp; #Love.
Enjoy #unlimited #data &amp; 100 Mbps #speed at #rental of Rs.750 Per Month. Check our #latest #internet #broadband #plans here:https://t.co/3TDHMr836w
#Holi2020 #WiFi https://t.co/by561stSFZ","May your  life be  colorful with the  colors of  joy ,  fun ,  happiness ,  friendship  amp ;  Love . Enjoy  unlimited  data  amp ; 100 Mbps  speed at  rental of Rs.750 Per Month . Check our  latest  internet  broadband  plans here :",1236906493586227200,happy,Mon Mar 09 06:47:43 +0000 2020
"Let the #Colors of #Holi spread #happiness, #joy, #peace and #love all around. Wishing every one a very #Happy &amp; #Colorful #Holi!
From #VJC_Overseasüåç https://t.co/28P4j6To6r","Let the  Colors of  Holi spread  happiness ,  joy ,  peace and  love all around . Wishing every one a very  Happy  amp ;  Colorful  Holi ! From  VJCOverseasüåç",1236887415635070981,happy,Mon Mar 09 05:31:54 +0000 2020
"#Happy #Holi: 
The festival of #colour and #togetherness #celebrate with #joy, #happiness and spread #love. #Celebrate the feeling of #love and #togetherness.
Know more about Rajuri Steels visit: https://t.co/yqxY18h7Xi https://t.co/baMtDIyQRa"," Happy  Holi : The festival of  colour and  togetherness  celebrate with  joy ,  happiness and spread  love .  Celebrate the feeling of  love and  togetherness . Know more about Rajuri Steels visit :",1236883339128135685,happy,Mon Mar 09 05:15:42 +0000 2020
"Happy Holi to each and everyone. Keep spreading the colors of joy in this world.

#happyholi #holi #festivalofcolors #colours #colors #color #happy #festival #joy #indianfestival #india #love #life #picoftheday‚Ä¶ https://t.co/M5V1AhNJix",Happy Holi to each and everyone . Keep spreading the colors of joy in this world .  happyholi  holi  festivalofcolors  colours  colors  color  happy  festival  joy  indianfestival  india  love  life  picoftheday‚Ä¶,1236859746939998211,happy,Mon Mar 09 03:41:58 +0000 2020
RT @meditation_with: What u think every1 #meditation #art #me #light #angel #love #peace #world #inspired #artwork #life #joy #sweet #mywor‚Ä¶,What you think every1  meditation  art  me  light  angel  love  peace  world  inspired  artwork  life  joy  sweet  mywor‚Ä¶,1236827171970265089,happy,Mon Mar 09 01:32:31 +0000 2020
What u think every1 #meditation #art #me #light #angel #love #peace #world #inspired #artwork #life #joy #sweet #mywork #happy #great #crystal #wonderful #gamegirl #MeditationwithAngels #empath #balance #epilepsy‚Ä¶ https://t.co/y96jje7g5D,What you think every1  meditation  art  me  light  angel  love  peace  world  inspired  artwork  life  joy  sweet  mywork  happy  great  crystal  wonderful  gamegirl  MeditationwithAngels  empath  balance  epilepsy‚Ä¶,1236826965203660800,happy,Mon Mar 09 01:31:42 +0000 2020
"We wish you all a very #Happy #Holi
Spread #love and #joy !
Make #new #friendsforlife ‚ù§Ô∏è .
.
.

#happyholi #colours #coloursofindia  #colors #colorsoflove #friends #friendship #newfriends #friendsforever #coloursoflife #happiness #bliss #peace #wonderful‚Ä¶ https://t.co/SZGpL4iYas https://t.co/c6dKmrFyIt",We wish you all a very Spread  love and  joy ! Make  new  friendsforlife ‚ù§Ô∏è . . .  happyholi  colours  coloursofindia  colors  colorsoflove  friends  friendship  newfriends  friendsforever  coloursoflife  happiness  bliss  peace  wonderful‚Ä¶,1236774236443881479,happy,Sun Mar 08 22:02:10 +0000 2020
Happy Women Day! My favorite woman in the word ‚ù§Ô∏è #girlpower #womensday #happy #live #love #thankful #gratefulheart #greatfulforlife #girlsareawesome #fun #joy #everydayisagift #majaarnold ‚ù§Ô∏è https://t.co/MUkunPoCIN,Happy Women Day ! My favorite woman in the word ‚ù§Ô∏è  girlpower  womensday  happy  live  love  thankful  gratefulheart  greatfulforlife  girlsareawesome  fun  joy  everydayisagift  majaarnold ‚ù§Ô∏è,1236769941501677570,happy,Sun Mar 08 21:45:06 +0000 2020
"RT @Swan827: Love yourself first and take time smell the roses , nature and travel.

#roses #nature #travel #joy #happy #love #NewYear2020‚Ä¶","Love yourself first and take time smell the roses , nature and travel .  roses  nature  travel  joy  happy  love  NewYear2020‚Ä¶",1236756586850328577,happy,Sun Mar 08 20:52:02 +0000 2020
"RT @Swan827: A true friend stay forever beyond words , distance , time.

#love #royal #unconditional #joy #happiness #nature #travel #twitt‚Ä¶","A true friend stay forever beyond words , distance , time .  love  royal  unconditional  joy  happiness  nature  travel  twitt‚Ä¶",1236755483991605249,happy,Sun Mar 08 20:47:39 +0000 2020
"Positivity!¬†
Pradeepa Fertility Coach | Helping your infertility journey SUCK LESS! https://t.co/QPVpL9wRtg #fertilitycoach #ivf #maleinfertility #fertilityjourney #infertility #selfcontrol #gold #love #baby #happy #infertilitybooks #joy #positivity #fertility #TTC #IUI https://t.co/rCC9gFFjwf",Positivity ! Pradeepa Fertility Coach  Helping your infertility journey SUCK LESS !,1236668019763482626,happy,Sun Mar 08 15:00:06 +0000 2020
"Happy women‚Äôs day ‚ù§Ô∏è
.
.
#maryamalhamad #bahrain #joy #love #happy #happiness #lifeisbeautiful #lifeisgood #lifeisperfect #8march #2020 #ŸäŸàŸÖ_ÿßŸÑŸÖÿ±ÿ£ÿ©_ÿßŸÑÿπÿßŸÑŸÖŸä ü•∞ @ The Ritz-Carlton, Bahrain https://t.co/nvbdLzBx7a","Happy women ‚Äô s day ‚ù§Ô∏è . .  maryamalhamad  bahrain  joy  love  happy  happiness  lifeisbeautiful  lifeisgood  lifeisperfect  8march  2020  ŸäŸàŸÖÿßŸÑŸÖÿ±ÿ£ÿ©ÿßŸÑÿπÿßŸÑŸÖŸä ü•∞  The RitzCarlton , Bahrain",1236664475194884098,happy,Sun Mar 08 14:46:01 +0000 2020
"RT @BibleQuote365: God is Great! @BibleQuote365
#BibleQuote365 #quote #positive #bible #quotes #love #God #hope #faith #peace #blessed #pra‚Ä¶",God is Great !  BibleQuote365  quote  positive  bible  quotes  love  God  hope  faith  peace  blessed  pra‚Ä¶,1236635489362468866,happy,Sun Mar 08 12:50:50 +0000 2020
"The Mandalorian Baby Yoda hugs 46 The Doctor t-shirt
Grab it here:
https://t.co/PRcDXwkKVR

#laugh #relatable #memesdaily #happy #love #family #clean #cute #f4f #disneyplus #joy #smile #potd #humor #soft #dailypost #dailydose #family #photo #disneyland #happiness #work #fun https://t.co/nNTBYYsnjf",The Mandalorian Baby Yoda hugs 46 The Doctor tshirt Grab it here :,1236606573939736576,happy,Sun Mar 08 10:55:56 +0000 2020
"The Mandalorian Im tired Baby Yoda t-shirt
Grab it here:
https://t.co/cZaaVmWVIl
#disney #babyyoda #babyyodamemes #work #starwars #laugh #relatable #memesdaily #happy #love #family #clean #cute #f4f #disneyplus #joy #smile #potd #humor #soft #dailypost #dailydose #family #photo https://t.co/cjEvgYX4Az",The Mandalorian I am tired Baby Yoda tshirt Grab it here :,1236606418142351361,happy,Sun Mar 08 10:55:19 +0000 2020
"#GoodMorning #happyinternationalwomensday 
My sincere respect to all women. Wishing you all a very happy women‚Äôs day!
#woman #wellness #mentalhealth #womensday #love #joy #bliss #happy #takecharge #women #selfimprovement #selfdevelopment #selfcare https://t.co/eS19GHLYUH",My sincere respect to all women . Wishing you all a very happy women ‚Äô s day !,1236606370448842752,happy,Sun Mar 08 10:55:08 +0000 2020
"#Happy #WomensDay!!!
#InternationalWomensDay
#IWD¬†#IWD2020 

Who is #Bodhisattva or female Buddha #Tara: https://t.co/Gtn1LZue5I

#‡Ω¶‡æí‡æ≤‡Ωº‡Ω£‡ºã‡Ωë‡ΩÄ‡Ω¢‡ºã #Â§öÁæÖËè©Ëñ© #Â§öÁæÖËè©Ëñ© #‡∏û‡∏£‡∏∞‡∏ô‡∏≤‡∏á‡∏ï‡∏≤‡∏£‡∏≤ #Drolma #‰ªè #Î∂ÄÏ≤ò #‰Ωõ #‡§¨‡•Å‡§¶‡•ç‡§ß‡§æ #‡§¨‡•Å‡§¶‡•ç‡§ß #Buddha #dharma #joy #compassion #love #wisdom #tibet #dalailama https://t.co/g4TNaPHMTq", Happy  WomensDay ! ! ! Who is  Bodhisattva or female Buddha  Tara :  ‡Ω¶‡æí‡æ≤‡Ωº‡Ω£‡ºã‡Ωë‡ΩÄ‡Ω¢‡ºã  Â§öÁæÖËè©Ëñ©  Â§öÁæÖËè©Ëñ©  ‡∏û‡∏£‡∏∞‡∏ô‡∏≤‡∏á‡∏ï‡∏≤‡∏£‡∏≤  Drolma  ‰ªè  Î∂ÄÏ≤ò  ‰Ωõ  ‡§¨‡•Å‡§¶‡•ç‡§ß‡§æ  ‡§¨‡•Å‡§¶‡•ç‡§ß,1236555937101611008,happy,Sun Mar 08 07:34:44 +0000 2020
"#Happy Women's Day!!!
#IWD¬†#IWD2020

H.H. the XIV @DalaiLama, #Tibet‚Äôs spiritual leader: As free human beings we can use our unique intelligence to try to understand ourselves and our world.

#‰ªè #Î∂ÄÏ≤ò #‰Ωõ #–ë—É–¥–¥–∞ #Ph·∫≠t #Buddha #joy #zen #love #worldpeace

#CHINA #freeTIBET!!! https://t.co/OCCtEYeyte"," Happy Women s Day ! ! ! H.H . the XIV ,  Tibet ‚Äô s spiritual leader : As free human beings we can use our unique intelligence to try to understand ourselves and our world .  CHINA  freeTIBET ! ! !",1236550417779171329,happy,Sun Mar 08 07:12:48 +0000 2020
"#Happy Women's Day!!!
#IWD¬†#IWD2020

H.H. the XIV @DalaiLama, #Tibet‚Äôs spiritual leader: Women are the leaders of the future: https://t.co/tnmVeAPJfZ

#womenleaders #girlpower #womeninleadership #inclusion #joy #worldpeace #Buddha #compassion #peace #love

#CHINA #freeTIBET! https://t.co/34DCcK36MA"," Happy Women s Day ! ! ! H.H . the XIV ,  Tibet ‚Äô s spiritual leader : Women are the leaders of the future :  CHINA  freeTIBET !",1236549627706585088,happy,Sun Mar 08 07:09:39 +0000 2020
"RT @manjushriNL: H.H. the 14th @DalaiLama, #Tibet‚Äôs spiritual leader: We all want to live a #happy life, so we have to learn to live togeth‚Ä¶","H.H . the 14th ,  Tibet ‚Äô s spiritual leader : We all want to live a  happy life , so we have to learn to live togeth‚Ä¶",1236458534243532800,happy,Sun Mar 08 01:07:41 +0000 2020
"God is Great! @BibleQuote365
#BibleQuote365 #quote #positive #bible #quotes #love #God #hope #faith #peace #blessed #pray #inspiration #motivation #life #joy #bibleverse #happy #instagood #photooftheday #bibleverses‚Ä¶ https://t.co/OdaEuo94SG",God is Great !  BibleQuote365  quote  positive  bible  quotes  love  God  hope  faith  peace  blessed  pray  inspiration  motivation  life  joy  bibleverse  happy  instagood  photooftheday  bibleverses‚Ä¶,1236358832076599296,happy,Sat Mar 07 18:31:30 +0000 2020
"Take Ownership of Your Fertility Journey with our onlie courses!
https://t.co/ha75n7NqT8
 #fertilitycoach
#ivf #maleinfertility 
#fertilityjourney #infertility 
#pink. #gold #love #baby #happy
#infertilitybooks #joy #ownership
#fertility #TTC #IUI https://t.co/4OORDWDOgN",Take Ownership of Your Fertility Journey with our onlie courses !  pink .,1236334739411402752,happy,Sat Mar 07 16:55:46 +0000 2020
"RT @rmccordoviz: A great thought to start your weekend! ‚ô•Ô∏è‚ô•Ô∏è‚ô•Ô∏è

 #weekend #love #happy #fun #beautiful #weekendvibes #lifestyle #motivation‚Ä¶",A great thought to start your weekend ! ‚ô•Ô∏è‚ô•Ô∏è‚ô•Ô∏è  weekend  love  happy  fun  beautiful  weekendvibes  lifestyle  motivation‚Ä¶,1236321949686644736,happy,Sat Mar 07 16:04:57 +0000 2020
"A great thought to start your weekend! ‚ô•Ô∏è‚ô•Ô∏è‚ô•Ô∏è

 #weekend #love #happy #fun #beautiful #weekendvibes #lifestyle #motivation #meditation #mindfulness #meditate #peace #gratitude #positivity #calm #dream #explore #discover #inspiration #joy #bliss #goodvibes https://t.co/S2ZuPuFJdO",A great thought to start your weekend ! ‚ô•Ô∏è‚ô•Ô∏è‚ô•Ô∏è,1236321250089328643,happy,Sat Mar 07 16:02:10 +0000 2020
Wouldn‚Äôt it be great if we all could be kind &amp; find the joy in our every day living. We need to get back to this...find your happiness! #2BU #inspire #positivevibes #motivate #kind #joy #peace #leader #success #goals #power #strong #smart #believe #faith #happy #life #love #QOTD,would not it be great if we all could be kind  amp ; find the joy in our every day living . We need to get back to this ... find your happiness !,1236273351552831488,happy,Sat Mar 07 12:51:50 +0000 2020
"This 2020 Holi may bring lots and lots of colorful seasons and days in your life filled with plenty of happiness and love.
Wish you a very Happy Holi.
#happyholi #2k20 #bring #happiness #colour #colourfuldays #love #enjoyment #plenty #colorful #plenty #seasons #happy #joy #safe https://t.co/xSuDpbJ9JH",This 2020 Holi may bring lots and lots of colorful seasons and days in your life filled with plenty of happiness and love . Wish you a very Happy Holi .,1236269328778985478,happy,Sat Mar 07 12:35:51 +0000 2020
"Share love every day even to people you don't know. A small act can change the whole world to them. Get the help you need or help your fellow humans on https://t.co/XDBuxDqN6H! 
#love #joy #share #crowdfunding #charity #enjoy #donate #donation #fellowhumans #fellowship #happy https://t.co/bpPR8kIl9B",Share love every day even to people you do not know . A small act can change the whole world to them . Get the help you need or help your fellow humans on,1236262696456200192,happy,Sat Mar 07 12:09:30 +0000 2020
"#producer #music #jamesandrews #live #neworleans #usa #jazz #joy #happy #peace #love #acmproductions 

Very nice presentation last nite @Jazz Fola with Herlin Riley‚Äôs cousin Mister James Andrews the brother of ‚Äú‚Ä¶ https://t.co/kjtGcElnRm",Very nice presentation last nite Fola with Herlin Riley ‚Äô s cousin Mister James Andrews the brother of ‚Äú ‚Ä¶,1236218728892809221,happy,Sat Mar 07 09:14:47 +0000 2020
"Please post prayer request. @BibleQuote365
#BibleQuote365 #quote #positive #bible #quotes #love #God #hope #faith #peace #blessed #pray #inspiration #motivation #life #joy #bibleverse #happy #instagood‚Ä¶ https://t.co/n7USFcryhb",Please post prayer request .  BibleQuote365  quote  positive  bible  quotes  love  God  hope  faith  peace  blessed  pray  inspiration  motivation  life  joy  bibleverse  happy  instagood‚Ä¶,1236098712092446720,happy,Sat Mar 07 01:17:53 +0000 2020
"Me and my little sis, @LucyluluLucy, would like everyone to #BeKind please.
Always.
No excuses. 
Thanks. ‚ù§
#kindness #love #compassion #peace #happiness #kindnessmatters #life #positivity #positivevibes #kind #mindfulness #hope #selflove #happy #family #joy #smile #mentalhealth https://t.co/pU14EhP9RH","Me and my little sis , , would like everyone to  BeKind please . Always . No excuses . Thanks . ‚ù§",1236070448359788545,happy,Fri Mar 06 23:25:34 +0000 2020
"Friday-cuckoo mood. #girl #dance #music #happy #drive #friday #foreigner #love #life #people #joy #health #photographer #femalephotographer #ilovelife #steering #car #journey #london #england #colourful  #party #blackhair #colour 
https://t.co/zHmRMHlHsY",Fridaycuckoo mood .,1236018521836052480,happy,Fri Mar 06 19:59:14 +0000 2020
MRT @KariJoys #mindfulness #Greed never makes u #Happy! #JoyTrain #Joy #Love #InnerPeace RT @PsychicPaula1 https://t.co/uZ2XaZDeh7,MRT  mindfulness  Greed never makes you  Happy !  JoyTrain  Joy  Love  InnerPeace RT,1235996825091371009,happy,Fri Mar 06 18:33:01 +0000 2020
"POOF! Here we go again!
Home https://t.co/QPVpL9wRtg
 #fertilitycoach
#ivf #maleinfertility 
#fertilityjourney #infertility 
#ovaries #gold #love #baby #happy
#infertilitysupport #joy #bloated
#fertility #TTC #IUI
Image : @smartfertilityc https://t.co/U6CYINtM5f",POOF ! Here we go again ! Home Image :,1235958718862372865,happy,Fri Mar 06 16:01:36 +0000 2020
Just a Happy doggy and an open field ‚ù§Ô∏è #dog #dogsofinstagram #happy #happydog #dogwalk #zen #mindfulness #love #headspace #chilled #joy https://t.co/y1zVyfsMRp,Just a Happy doggy and an open field ‚ù§Ô∏è,1235921043145060353,happy,Fri Mar 06 13:31:53 +0000 2020
"Happy Friday!! Be Joyful!!
#art #artist #artwork #beautiful #beauty #celebration #design #designer #drawing #greetingcards #happy #illustration #joy #joyful #love #loveart #painting #stationery #thankful #watercolor https://t.co/jwEXDD0mpB",Happy Friday ! ! Be Joyful ! !,1235918745639542786,happy,Fri Mar 06 13:22:45 +0000 2020
"H.H. the 14th @DalaiLama, #Tibet‚Äôs spiritual leader: We all want to live a #happy life, so we have to learn to live together in trust and mutual respect.

#‰ªè #Î∂ÄÏ≤ò #‰Ωõ #‡§¨‡•Å‡§¶‡•ç‡§ß‡§æ #‡§¨‡•Å‡§¶‡•ç‡§ß #–±—É–¥–¥–∞ #Ph·∫≠t #Buddha #zen #joy #compassion #happiness #worldpeace #love

#CHINA freeTIBET!!! https://t.co/clJbfbit6C","H.H . the 14th ,  Tibet ‚Äô s spiritual leader : We all want to live a  happy life , so we have to learn to live together in trust and mutual respect .  ‰ªè  Î∂ÄÏ≤ò  ‰Ωõ  ‡§¨‡•Å‡§¶‡•ç‡§ß‡§æ  ‡§¨‡•Å‡§¶‡•ç‡§ß  CHINA freeTIBET ! ! !",1235702122001444864,happy,Thu Mar 05 23:01:58 +0000 2020
"Done talkin. Dont forget to vote!
.
.
.
.
.
.
.
#Vote #Headshot #photo #photography #democraticdebate
 #photooftheday #Bliss #MentalHealth #love #joy #happy #cats #smile #heart #energy #Love #friend #acceptance‚Ä¶ https://t.co/mz1lbRZU2V",Done talkin . do not forget to vote ! . . . . . . .  photooftheday  Bliss  MentalHealth  love  joy  happy  cats  smile  heart  energy  Love  friend  acceptance‚Ä¶,1235683336170819584,happy,Thu Mar 05 21:47:19 +0000 2020
"RT @happymovement_: #HappyFillTheBlank : Is it a person? A song? A place? 

#happy #smile #joy #love #support #happytheapp #fillintheblank‚Ä¶", HappyFillTheBlank : Is it a person ? A song ? A place ?  happy  smile  joy  love  support  happytheapp  fillintheblank‚Ä¶,1235662978172588032,happy,Thu Mar 05 20:26:26 +0000 2020
"#HappyFillTheBlank : Is it a person? A song? A place? 

#happy #smile #joy #love #support #happytheapp #fillintheblank #instagood #friends #family #goodvibes https://t.co/LcZ7YZzm8W", HappyFillTheBlank : Is it a person ? A song ? A place ?,1235656859106693120,happy,Thu Mar 05 20:02:07 +0000 2020
"-How small modifications to the diet can help boost a woman‚Äôs fertility.
¬†Read more: https://t.co/6ZLoZAS9B5 #fertilitycoach #ivf #maleinfertility #fertilityjourney #infertility #fastfood #gold #love #baby #happy #infertilitysupport #joy #food #fertility #TTC #IUI https://t.co/wgFedhtWqg",How small modifications to the diet can help boost a woman ‚Äô s fertility . Read more :,1235595996027146240,happy,Thu Mar 05 16:00:16 +0000 2020
üì∑ biblequote365: They did not‚Ä¶@BibleQuote365 #BibleQuote365 #quote #positive #bible #quotes #love #God #hope #faith #peace #blessed #pray #inspiration #motivation #life #joy #bibleverse #happy #instagood #photooftheday #bibleverses... https://t.co/SKNKkpQevp,üì∑ biblequote365 : They did not‚Ä¶  BibleQuote365  quote  positive  bible  quotes  love  God  hope  faith  peace  blessed  pray  inspiration  motivation  life  joy  bibleverse  happy  instagood  photooftheday  bibleverses ...,1235572229640818694,happy,Thu Mar 05 14:25:50 +0000 2020
"RT @Swan827: Nice weekend to all.

#nice #happy #sweet #home #joy #love #peace #twitter #share https://t.co/cObvFGqHWH",Nice weekend to all .,1235539310633308162,happy,Thu Mar 05 12:15:01 +0000 2020
"RT @Swan827: This a Christmas gift for you all.

#love #peace #joy #Christmas #enjoy #happy #twitter #share https://t.co/6hPhN7g4Ne",This a Christmas gift for you all .,1235539301020184577,happy,Thu Mar 05 12:14:59 +0000 2020
"To see more shirts go to: https://t.co/ivwVvnmUUj,(#The_Dyslexic_Club) #happiness #love #happy #life #smile #instagood #family #motivation #photography #like #peace #instagram #joy #friends #inspiration #nature #photooftheday #travel #beautiful #picoftheday #positivevibes #fun https://t.co/UJsZ28MVl2",To see more shirts go to :,1235518518302408704,happy,Thu Mar 05 10:52:24 +0000 2020
"True
.
.
.
.
.
.
.
.
.
#happiness #love #happy #life #smile #family #motivation #photography #like #peace #joy #friends #inspiration #nature #photooftheday #travel #beautiful #picoftheday #positivevibes #fun #lifestyle #follow #goodvibes #selflove #beauty #art #bhfyp https://t.co/CtgCFUoNip",True . . . . . . . . .,1235420144148418560,happy,Thu Mar 05 04:21:30 +0000 2020
"RT @JamesBassII: Life is too short to be anything but ~ happy ~
#happy #love #Peace #joy  #happiness https://t.co/V5K2WACGxl",Life is too short to be anything but  happy ,1235288156259397634,happy,Wed Mar 04 19:37:01 +0000 2020
"CLINK! Connect with people with¬†similar journeys as you! 
Join our support group!
Log into Facebook | Facebook https://t.co/V3mXtCEqb0
 #fertilitycoach
#ivf #maleinfertility 
#fertilityjourney #infertility 
#supportgroup 
#gold #love #baby #happy
#joy #wine
#fertility #TTC #IUI https://t.co/U6SuqwVGer",CLINK ! Connect with people with similar journeys as you ! Join our support group ! Log into Facebook  Facebook,1235233874059440128,happy,Wed Mar 04 16:01:19 +0000 2020
"You ever notice how one‚Äôs behavior is out of touch &amp; they think it‚Äôs you? Hmmm, that‚Äôs funny...I hope they seek the help they need! #2BU #inspire #positivevibes #motivate #leader #success #goals #power #strong #smart #believe #faith #grace #happy #life #love #peace #joy #QOTD","You ever notice how one ‚Äô s behavior is out of touch  amp ; they think it is you ? Hmmm , that is funny ... I hope they seek the help they need !",1235219429933420551,happy,Wed Mar 04 15:03:56 +0000 2020
Let‚Äôs keep it pushing #WednesdayMotivation #WednesdayThoughts #WednesdayWisdom #faith #JOY #happy #love https://t.co/apBikgKxZe,let us keep it pushing,1235171802869006337,happy,Wed Mar 04 11:54:40 +0000 2020
"Count your blessings like a Rainbow they come and go. 

#blessings #love #blessed #god #faith #peace #life #happiness #grateful #family #gratitude #jesus #motivation #thankful #happy #prayer #joy #inspiration‚Ä¶ https://t.co/ex4nvjViDo",Count your blessings like a Rainbow they come and go .  blessings  love  blessed  god  faith  peace  life  happiness  grateful  family  gratitude  jesus  motivation  thankful  happy  prayer  joy  inspiration‚Ä¶,1235106021036544001,happy,Wed Mar 04 07:33:17 +0000 2020
"Lunch üê∑

#sucked #bored #boring #nothingtodo #job #peace #no #war #joy #happy #always #MGBU #shoutout #followers #follow #me #love #you #xoXo https://t.co/9McEyROxYG",Lunch üê∑,1235047194995994624,happy,Wed Mar 04 03:39:32 +0000 2020
"Joy comes to us in moments, ordinary moments. We risk missing out on joy when we get too busy chasing down the extraordinary....
.
.
#loveyourself #love #selflove #selfcare #joy #life #happy #positivevibes #beautiful #smile #lifestyle #fashion #fitness #happiness #beyourself https://t.co/9W147BvWwq","Joy comes to us in moments , ordinary moments . We risk missing out on joy when we get too busy chasing down the extraordinary ... . . .",1235033943121874945,happy,Wed Mar 04 02:46:52 +0000 2020
Just a little something to have some fun with!  Find your three words and post the@ in the comments! #gratitude #blessed #love #abundance #manifest #redecoratingthesoul #spirit #happy #happiness  #joy #joyful #bliss‚Ä¶ https://t.co/6ELpmwL4ZD,Just a little something to have some fun with ! Find your three words and post the  in the comments !  gratitude  blessed  love  abundance  manifest  redecoratingthesoul  spirit  happy  happiness  joy  joyful  bliss‚Ä¶,1235000847014100992,happy,Wed Mar 04 00:35:21 +0000 2020
"RT @JJarbby: Be at peace with yourself ‚ù§Ô∏è
#happiness #love #happy #smile #life #photography #family #motivation #peace #beautiful #inspirat‚Ä¶",Be at peace with yourself ‚ù§Ô∏è  happiness  love  happy  smile  life  photography  family  motivation  peace  beautiful  inspirat‚Ä¶,1234913346316533760,happy,Tue Mar 03 18:47:39 +0000 2020
"Be at peace with yourself ‚ù§Ô∏è
#happiness #love #happy #smile #life #photography #family #motivation #peace #beautiful #inspiration #nature #joy https://t.co/tvO6HPCFRz",Be at peace with yourself ‚ù§Ô∏è,1234911094411603971,happy,Tue Mar 03 18:38:43 +0000 2020
"This is what our customers are saying! 
https://t.co/ytohrJi5ZP
 #fertilitycoach
#ivf #maleinfertility 
#fertilityjourney #infertility 
#amazonbestsellers
#gold #love #baby #happy
#infertilitybooks #joy
#fertility #TTC #IUI https://t.co/9VPNSb5yrs",This is what our customers are saying !,1234888772405342209,happy,Tue Mar 03 17:10:01 +0000 2020
"Children dance

#rejoiceinthelord #joy #happy #blessed #grateful #enjoy #beautiful #love #life #outdoors #adventure #lifestyle #instagood #instamood https://t.co/k5LtxGvhiN",Children dance,1234856405393379328,happy,Tue Mar 03 15:01:24 +0000 2020
Whoever thinks they can talk you into any mind games is in for a surprise. They will be disappointed...speak honestly &amp; openly! #2BU #inspire #positivevibes #motivate #honest #truth #leader #success #goals #power #strong #smart #believe #faith #happy #life #love #peace #joy #QOTD,Whoever thinks they can talk you into any mind games is in for a surprise . They will be disappointed ... speak honestly  amp ; openly !,1234848344092168194,happy,Tue Mar 03 14:29:22 +0000 2020
"#producer #music #best #friends #grow #children #father #happy #joy #love 

My dearest friend Didier stop by for a barbecue and he surprised me: ‚ÄúHe is married and had a baby boy ‚Äú 
I didn‚Äôt see him for 15 years and‚Ä¶ https://t.co/zCtcvaGhgn",My dearest friend Didier stop by for a barbecue and he surprised me : ‚Äú He is married and had a baby boy ‚Äú I did not see him for 15 years and‚Ä¶,1234834874319724545,happy,Tue Mar 03 13:35:50 +0000 2020
"RT @KariJoys: May U be filled w/ loving #kindness. May U be well. May U be #peaceful &amp; at ease. May U be #happy! ~@DalaiLama

#JoyTrain #Jo‚Ä¶",May you be filled w loving  kindness . May you be well . May you be  peaceful  amp ; at ease . May you be  happy !   JoyTrain  Jo‚Ä¶,1234821629471068160,happy,Tue Mar 03 12:43:12 +0000 2020
"May U be filled w/ loving #kindness. May U be well. May U be #peaceful &amp; at ease. May U be #happy! ~@DalaiLama

#JoyTrain #Joy #Love #Kindness #MentalHealth #Mindfulness #GoldenHearts #IAM #kjoys00 #Quote #TuesdayMorning #TuesdayThoughts #TuesdayMotivation https://t.co/hKqiD4NB4b",May you be filled w loving  kindness . May you be well . May you be  peaceful  amp ; at ease . May you be  happy ! ,1234820820943302657,happy,Tue Mar 03 12:40:00 +0000 2020
"RT @DaisySmileoz: @halpern_claude Loving me
Loving you
#loving #selflove #youareenough #abundance #lawofattraction #unlimited #vibrant #sun‚Ä¶",Loving me Loving you  loving  selflove  youareenough  abundance  lawofattraction  unlimited  vibrant  sun‚Ä¶,1234754012873781248,happy,Tue Mar 03 08:14:31 +0000 2020
"@halpern_claude Loving me
Loving you
#loving #selflove #youareenough #abundance #lawofattraction #unlimited #vibrant #sunshine #iam #iamenough #love #lifeisbeautiful #joy #bliss #peace #happy",Loving me Loving you,1234721945905717248,happy,Tue Mar 03 06:07:06 +0000 2020
"‚ÄúWe travel not to escape life, but for life not to escape us‚Äù¬†
#
#
#
#we #travel #traveling #traveler #travelholic #travelgram #success #happy #beautiful #happiness #fun #love #care #share #joy #december #laugh‚Ä¶ https://t.co/VgOf8Vfqg6","‚Äú We travel not to escape life , but for life not to escape us ‚Äù     we  travel  traveling  traveler  travelholic  travelgram  success  happy  beautiful  happiness  fun  love  care  share  joy  december  laugh‚Ä¶",1234716317875179523,happy,Tue Mar 03 05:44:44 +0000 2020
"https://t.co/oBQuFCeZVJ
üíïüíïüíïüíïüíï NEW POST
#newpost #me #love
#instagood #love #happy #happydays #happyday #smile #fun #goodday #instahappy #goodmood #sohappy #happier #excited #feelgood #smiling #funtimes #captionplus #laughing #feelgoodphoto #joy #happyhappy #enjoy #laugh",üíïüíïüíïüíïüíï NEW POST,1234522043846189056,happy,Mon Mar 02 16:52:46 +0000 2020
"the latest podcast ‚Äì https://t.co/SV2ltCXarT
 the latest blog post ‚Äì https://t.co/JOTJGJi1Ac #meditate #life #love #happier #meditative #heartchakra #abundance #cute #bliss #photooftheday #presence #joy #peace #harmony #fortune #meditation #luck #smile #happy #happiness #nurture https://t.co/GV9UnRgliz",the latest podcast ‚Äì the latest blog post ‚Äì,1234516446350200832,happy,Mon Mar 02 16:30:31 +0000 2020
üì∑ biblequote365: When your faith‚Ä¶@BibleQuote365 #BibleQuote365 #quote #positive #bible #quotes #love #God #hope #faith #peace #blessed #pray #inspiration #motivation #life #joy #bibleverse #happy #instagood #photooftheday #bibleverses... https://t.co/SY72o0Roqo,üì∑ biblequote365 : When your faith‚Ä¶  BibleQuote365  quote  positive  bible  quotes  love  God  hope  faith  peace  blessed  pray  inspiration  motivation  life  joy  bibleverse  happy  instagood  photooftheday  bibleverses ...,1234469550583926784,happy,Mon Mar 02 13:24:10 +0000 2020
"Eat. Pray. Love. T-R-A-V-E-Lüåé‚úàÔ∏èüß≠
.
.
.
#borabora #fiji #fijiislands #ourcoordinates #islandvibes #flyover #traveltheworld #boatdays #love #joy #happy #fun #hiltonhotel @ Hilton Fiji Beach Resort &amp; Spa https://t.co/ksQn4LcZop",Eat . Pray . Love . TRAVELüåé‚úàÔ∏èüß≠ . . .  borabora  fiji  fijiislands  ourcoordinates  islandvibes  flyover  traveltheworld  boatdays  love  joy  happy  fun  hiltonhotel  Hilton Fiji Beach Resort  amp ; Spa,1234469192952434688,happy,Mon Mar 02 13:22:45 +0000 2020
"RT @Jennyar01742864: You will always get what you do with others üôÇ
#kindness #love #bekind #compassion #peace #happiness #kindnessmatters #‚Ä¶",You will always get what you do with others üôÇ  kindness  love  bekind  compassion  peace  happiness  kindnessmatters  ‚Ä¶,1234448267070627842,happy,Mon Mar 02 11:59:36 +0000 2020
"When your faith...@BibleQuote365
#BibleQuote365 #quote #positive #bible #quotes #love #God #hope #faith #peace #blessed #pray #inspiration #motivation #life #joy #bibleverse #happy #instagood #photooftheday‚Ä¶ https://t.co/tE9lb66x7r",When your faith ...  BibleQuote365  quote  positive  bible  quotes  love  God  hope  faith  peace  blessed  pray  inspiration  motivation  life  joy  bibleverse  happy  instagood  photooftheday‚Ä¶,1234447233699000321,happy,Mon Mar 02 11:55:30 +0000 2020
"You will always get what you do with others üôÇ
#kindness #love #bekind #compassion #peace #happiness #kindnessmatters #life #motivation #gratitude #inspiration #positivity #positivevibes #kind #mindfulness #hope #selflove #happy #family #joy #smile #quotes https://t.co/4wVdJeERpE",You will always get what you do with others üôÇ,1234446756202647554,happy,Mon Mar 02 11:53:36 +0000 2020
RT @djssacom: Some fun t shirts to see more pls go to. https://t.co/XiAGF6KvZi #love #bekind #compassion #peace #happiness #kindnessmatters‚Ä¶,Some fun t shirts to see more pls go to .  love  bekind  compassion  peace  happiness  kindnessmatters‚Ä¶,1234423571134455810,happy,Mon Mar 02 10:21:28 +0000 2020
Some fun t shirts to see more pls go to. https://t.co/XiAGF6KvZi #love #bekind #compassion #peace #happiness #kindnessmatters #life #motivation #gratitude #inspiration #positivity #positivevibes #kind #mindfulness #hope #selflove #happy #family #joy #smile #quotes #mentalhealth,Some fun t shirts to see more pls go to .,1234423406336061442,happy,Mon Mar 02 10:20:49 +0000 2020
"Rainy Sundays....I love you! 
.
.
.
.
.
.
.
.
.
.
#sunday #sundayselfie #weekend #happy #bestoftheday #picture #selÔ¨Åe #selfiesunday #love #happy #smile #joy #lovinglife #lifeisgood #selfportrait #photography‚Ä¶ https://t.co/V77YhOQQ1y",Rainy Sundays ... .I love you ! . . . . . . . . . .  sunday  sundayselfie  weekend  happy  bestoftheday  picture  selÔ¨Åe  selfiesunday  love  happy  smile  joy  lovinglife  lifeisgood  selfportrait  photography‚Ä¶,1234259440766988288,happy,Sun Mar 01 23:29:16 +0000 2020
"So glad I know someone that will not hold me  against me! HE sees the true me. 
üíô
üíô
üíô
üíô
#more #yesyoumust #ignite #breakthrough #success #free #life #wisdom #inspiration #motivation #happy #joy #love #self #abundance‚Ä¶ https://t.co/1GYnmi1Rb9",So glad I know someone that will not hold me against me ! HE sees the true me . üíô üíô üíô üíô  more  yesyoumust  ignite  breakthrough  success  free  life  wisdom  inspiration  motivation  happy  joy  love  self  abundance‚Ä¶,1234154982343135232,happy,Sun Mar 01 16:34:11 +0000 2020
"Taking all donations please üòõüòúü§™

#happiness #love #happy #life #smile #instagood #family #motivation #photography #like #peace #instagram #joy #friends #inspiration #nature #photooftheday #travel #beautiful‚Ä¶ https://t.co/zF3Wfedxmt",Taking all donations please üòõüòúü§™  happiness  love  happy  life  smile  instagood  family  motivation  photography  like  peace  instagram  joy  friends  inspiration  nature  photooftheday  travel  beautiful‚Ä¶,1234153997533093890,happy,Sun Mar 01 16:30:17 +0000 2020
"Prioritizing yourself can help you learn more about yourself, it's good for your health, and also your happiness. Make sure to put yourself FIRST!
https://t.co/QPVpL9wRtg
 #fertilitycoach #ivf #maleinfertility 
#fertilityjourney #infertility 
 #love #baby #happy
#read #joy https://t.co/SiZP86kNTL","Prioritizing yourself can help you learn more about yourself , it is good for your health , and also your happiness . Make sure to put yourself FIRST !",1234146380081442818,happy,Sun Mar 01 16:00:00 +0000 2020
"Good night üåÉ

#sucked #bored #boring #nothingtodo #job #peace #no #war #joy #happy #always #MGBU #shoutout #followers #follow #me #love #you #xoXo https://t.co/z5O0kXSeLA",Good night üåÉ,1234144985051729921,happy,Sun Mar 01 15:54:28 +0000 2020
"Labnig Adventure with Friends

#likeforlike #l4l #lforl #likeback #lb #instagram #love #adventure #cute #happy #happiness #joy https://t.co/lHutpr5HHN",Labnig Adventure with Friends,1234129441040633858,happy,Sun Mar 01 14:52:42 +0000 2020
üòÑ #happy #instatags #happydays @insta.tags #happyday #smile #fun #instahappy #goodmood #sohappy #happier #excited #feelgood #smiling #funtimes #funny #feliz #feelgood #feelgoodphoto #joy #happyhappy #enjoy #love #lovelife #instagood #laugh #laughing #bestday #love #goodday https://t.co/0dJnVfG9A2,üòÑ  happy  instatags  happydays .tags,1234124450938937345,happy,Sun Mar 01 14:32:52 +0000 2020
"""Kindness in words creates confidence. #kindness #love #bekind #compassion #peace #happiness #kindnessmatters #life #motivation #gratitude #inspiration #positivity #positivevibes #kind #selflove #happy #family #joy #smile #loveyourself #selfcare  #grateful #humanity #bhfyp https://t.co/KPJ0obZStF", Kindness in words creates confidence .,1234102624674287616,happy,Sun Mar 01 13:06:08 +0000 2020
"üòäJust be happy üòä
.
.
.
.
.
.
.
.
.
.
.
Seascape
.
.
.
.
.
.
.
.
.
.
.
#happiness #love #happy #life #smile #instagood #family #motivation #photography #algeria #peace #dz #joy #friends #inspiration #behappy‚Ä¶ https://t.co/XFfh1HzWyJ",üòäJust be happy üòä . . . . . . . . . . . Seascape . . . . . . . . . . .  happiness  love  happy  life  smile  instagood  family  motivation  photography  algeria  peace  dz  joy  friends  inspiration  behappy‚Ä¶,1234073100960092160,happy,Sun Mar 01 11:08:49 +0000 2020
"La multi ani de #martisor üíêSa aveti o primavara minunata!  Happy #springtime ü¶ã In Romania we celebrate the beginning of #springtime today, when the nature blossoms it‚Äôs #beauty #iuliavantur #march #flowers #redroses #green #happy #joy #love #natures https://t.co/UWPiaUkZd7","La multi ani de  martisor üíêSa aveti o primavara minunata ! Happy  springtime ü¶ã In Romania we celebrate the beginning of  springtime today , when the nature blossoms it is",1234066435531395073,happy,Sun Mar 01 10:42:20 +0000 2020
"Que seas tan feliz, que no sepas si vives o sue√±as...
.
Be so happy that you don't know if you're dreaming...
.
#kabah #90s #friends #crazy #joy #happy #yellow #party #dance #friendsmoments #happiness #pop #love https://t.co/7RLNg8en0L","Que seas tan feliz , que no sepas si vives o sue√±as ... . Be so happy that you do not know if you are dreaming ... .",1233921090159808512,happy,Sun Mar 01 01:04:47 +0000 2020
"i want people to #laugh and #enjoy #life. for many this life is their only chance to be #happy FeelsBadMan but you always ask the Person above for #eternal #joy and if you surrender to #God and do as He says, you will end up with #love you never thought possible. Love first!","i want people to  laugh and  enjoy  life . for many this life is their only chance to be  happy FeelsBadMan but you always ask the Person above for  eternal  joy and if you surrender to  God and do as He says , you will end up with  love you never thought possible . Love first !",1233867512611319809,happy,Sat Feb 29 21:31:53 +0000 2020
Lady Gaga - Stupid Love https://t.co/0th2p6fzRx #music #love #futur #beat #pink #dancing #like #repeat #song #joy #happy #style #creativity #iphone #nice #mood #cute #mua #Choreography #popular #youtube #looking,Lady Gaga  Stupid Love,1233852688296816640,happy,Sat Feb 29 20:32:59 +0000 2020
"Crafter the laughter - https://t.co/BAQlgrnXSu via @shareaholic

#laughter #funny #laugh #love #fun #comedy #memes #sing #lol #jokes #meme #laughing #smile #happiness #friends #kindness #laughteristhebestmedicine #family #ellen #memesdaily #joy #happy #humor #haha",Crafter the laughter  via,1233802589575184385,happy,Sat Feb 29 17:13:54 +0000 2020
"Make the best out of this year.
Happy pregnancy year! ¬†https://t.co/QPVpL9wRtg
#fertilitycoach #ivf #maleinfertility 
#fertilityjourney #infertility #orange 
#gold #love #baby #happy
#joy #happybaby #fertility #TTC #IUI https://t.co/f7pdHKjYVN",Make the best out of this year . Happy pregnancy year !,1233784169089687555,happy,Sat Feb 29 16:00:43 +0000 2020
"What looks important to you, might not look so important to another...but at the end of the day, it‚Äôs what matters for you! #2BU #inspire #positivevibes #motivate #leader #success #goals #power #strong #smart #believe #faith #grace #vision #happy #life #love #peace #joy #QOTD","What looks important to you , might not look so important to another ... but at the end of the day , it is what matters for you !",1233741110595461121,happy,Sat Feb 29 13:09:37 +0000 2020
@yelyahwilliams #beautiful and #good song., beautiful and  good song .,1238622190028894210,happy,Sat Mar 14 00:25:17 +0000 2020
"RT @Sealdiver: Always good to have a ""happy place""...

Stay #optimistic 
Remember to value #love &amp; #kindness 
Respect others &amp; focus on the‚Ä¶",Always good to have a  happy place  ... Stay Remember to value  love  amp ; Respect others  amp ; focus on the‚Ä¶,1238619532308008960,happy,Sat Mar 14 00:14:43 +0000 2020
RT @crazyfunnystuff: I‚Äôd be willing to place money on the fact that the #kid inherited their #good #work #ethic from their mom. Great kid!‚Ä¶,I would be willing to place money on the fact that the  kid inherited their  good  work  ethic from their mom . Great kid ! ‚Ä¶,1238616325544697857,happy,Sat Mar 14 00:01:59 +0000 2020
God bless you good night sweet dreams wallpapers #bless #good #night #sweet #dreams #wallpapers #Iphone #Android #Mobile #Wallpaper #FreeDownload https://t.co/1elQXHjig1 https://t.co/gZDVoXnysm,God bless you good night sweet dreams wallpapers,1238615836786450432,happy,Sat Mar 14 00:00:02 +0000 2020
"Friends whatever you call yourself, #ownthatish 

There's no shame in being #selfmade #independant 

Anyway you choose to live your life that is #good #right #profitable and most of all #joyous is a life to be proud‚Ä¶ https://t.co/rrJfLaFEPx","Friends whatever you call yourself , there is no shame in being Anyway you choose to live your life that is  good  right  profitable and most of all  joyous is a life to be proud‚Ä¶",1238614330062635009,happy,Fri Mar 13 23:54:03 +0000 2020
"#Positive #perspective 
Chatting with @GPittmanRR @SCTCconsultants: Look for the #SilverLining #good #opportunity to catch up on e-mail, on-line training/education and enjoying time with your family.  Catch up on projects that have been set aside. üòä @Verticalcomminc #Covid_19","Chatting with : Look for the  SilverLining  good  opportunity to catch up on email , online trainingeducation and enjoying time with your family . Catch up on projects that have been set aside . üòä",1238611459157798914,happy,Fri Mar 13 23:42:38 +0000 2020
#Good for the #soul https://t.co/urXHbQ3LEO, Good for the,1238608739546083330,happy,Fri Mar 13 23:31:50 +0000 2020
"RT @MarinaAmdream: ""Focus on you!"" Marina Amdream.
 #littlerock #lifecoaching #students  #videographer #life #happy  #motivationalspeaker #‚Ä¶", Focus on you !  Marina Amdream .  littlerock  lifecoaching  students  videographer  life  happy  motivationalspeaker  ‚Ä¶,1238605078313009152,happy,Fri Mar 13 23:17:17 +0000 2020
RT @444jewelry: Hamsa collection on sale now on Depopüíéüßø #fatima #red #crystals #positivity #goodvibes #deals #springbreak2020 #adventure #g‚Ä¶,Hamsa collection on sale now on Depopüíéüßø  fatima  red  crystals  positivity  goodvibes  deals  springbreak2020  adventure  g‚Ä¶,1238601348775661569,happy,Fri Mar 13 23:02:28 +0000 2020
"Click link for more info and registration https://t.co/W5Y52htGOf

#kabbalah #spiritualawakening #spirituality 
 #connect #thursdaymotivation #thursdayquotes #meaningoflife #Inspiration #Wisdom #giving #life #fulfillment #good #freedom #change #environment #thursdaytip #feelings https://t.co/tPzejqHh9L",Click link for more info and registration,1238601159616729088,happy,Fri Mar 13 23:01:43 +0000 2020
"My baby

#RAT #ratty #whiskers #tiny #baby #angel #soft #good #girl #girls #fur #cute #adorable #love #protect #cuddle https://t.co/6UfLIa05WD",My baby,1238597987942744066,happy,Fri Mar 13 22:49:07 +0000 2020
"This is what #Islam taught us, to be #good , #nice to people, and to be #strong , #Brave at the same time . https://t.co/stD6HbLQRw","This is what  Islam taught us , to be  good ,  nice to people , and to be  strong ,  Brave at the same time .",1238591434296614917,happy,Fri Mar 13 22:23:04 +0000 2020
"Always good to have a ""happy place""...

Stay #optimistic 
Remember to value #love &amp; #kindness 
Respect others &amp; focus on the #good all around us

Summer is on its way! https://t.co/I5HW2oljRt",Always good to have a  happy place  ... Stay Remember to value  love  amp ; Respect others  amp ; focus on the  good all around us Summer is on its way !,1238590516784177153,happy,Fri Mar 13 22:19:25 +0000 2020
"RT @RumiMosque: Did you know about the Rumi Mosque‚Äôs services? Contact us for more information!

#friday #prayer #jummah #JummahMubarak #ju‚Ä¶",Did you know about the Rumi Mosque ‚Äô s services ? Contact us for more information !  friday  prayer  jummah  JummahMubarak  ju‚Ä¶,1238585960771792897,happy,Fri Mar 13 22:01:19 +0000 2020
"BINARY TRADER STYLE

Become a trader - https://t.co/gENHxQqZ4Q

#eurgbp #vfxalert #easy #make #money #good #penny #stocks #earn https://t.co/iDK1dkcJuh",BINARY TRADER STYLE Become a trader ,1238583390028345345,happy,Fri Mar 13 21:51:06 +0000 2020
"Be brave, Be light, have faith
#instagram #instagood #good #words #people #coronavirus #life https://t.co/1YyV6MXPwt","Be brave , Be light , have faith",1238582375182983173,happy,Fri Mar 13 21:47:04 +0000 2020
I‚Äôd be willing to place money on the fact that the #kid inherited their #good #work #ethic from their mom. Great kid! #wholesomememes https://t.co/VBPqOLYY3D,I would be willing to place money on the fact that the  kid inherited their  good  work  ethic from their mom . Great kid !,1238579526390747140,happy,Fri Mar 13 21:35:45 +0000 2020
Smaller churches face bigger problems.(Image credit: Saul Loeb/AFP via Getty Images) #GOOD #music #salvation #love https://t.co/LlRRFeGMqe,Smaller churches face bigger problems .  Image credit : Saul LoebAFP via Getty Images ,1238578982926405632,happy,Fri Mar 13 21:33:35 +0000 2020
RT @JonathanGennick: A little something for my friends who like to read. Grab some #good #books and build up some #skills. @Apress #sale #g‚Ä¶,A little something for my friends who like to read . Grab some  good  books and build up some  skills .  sale  g‚Ä¶,1238570990734422016,happy,Fri Mar 13 21:01:50 +0000 2020
"Your #mind doesn't disagree with you. It just follows your beliefs. Make sure you feed it #good #thoughts only.
Like our ancestors said: ‡≤Æ‡≤®‡≤∏‡≥ç‡≤∏‡≤ø‡≤¶‡≥ç‡≤¶‡≤∞‡≥Ü ‡≤Æ‡≤æ‡≤∞‡≥ç‡≤ó.",Your  mind does not disagree with you . It just follows your beliefs . Make sure you feed it  good  thoughts only . Like our ancestors said : ‡≤Æ‡≤®‡≤∏‡≥ç‡≤∏‡≤ø‡≤¶‡≥ç‡≤¶‡≤∞‡≥Ü ‡≤Æ‡≤æ‡≤∞‡≥ç‡≤ó .,1238569415236558849,happy,Fri Mar 13 20:55:34 +0000 2020
RT @cardocdale: Friday funny! Humor is good!  Have a great weekend!#friday #funny #weekend #spring #drive #cars #fun #humor #good https://t‚Ä¶,Friday funny ! Humor is good ! Have a great weekend !,1238563396368371713,happy,Fri Mar 13 20:31:39 +0000 2020
"don't call the world dirty because you forget to clean your glasses...
If you don't do stupid things while you're young, you'll have nothing to smile about when you're old...
#music #night #good #sentences #like‚Ä¶ https://t.co/suBENvfrn9","do not call the world dirty because you forget to clean your glasses ... If you do not do stupid things while you are young , you will have nothing to smile about when you are old ...  music  night  good  sentences  like‚Ä¶",1238558888087216128,happy,Fri Mar 13 20:13:44 +0000 2020
Hey does anyone have #good #workout #songs for after this #coronapocalypse #CoronaOutbreak I #missthegym already #downsixpounds #WW,Hey does anyone have  good  workout  songs for after this  coronapocalypse  CoronaOutbreak I  missthegym already,1238558437941919747,happy,Fri Mar 13 20:11:57 +0000 2020
"üôèüèΩüôèüèΩ‚ô•Ô∏èüôèüèΩüôèüèΩ 
#Trust &amp; #Believe for #BETTER #DAYS to #come! #GodIsAble 

#HappyFriday #Pray for  #goodhealth #favor #good #fortune #GoodFriday! #bekindalways #shineon! 
from https://t.co/b1pchqiBTB üíé #follobackforfolloback #FolloMe @evettedabney #happyfridaythe13th #FridayThe13th https://t.co/VHrvp0Z0s5",üôèüèΩüôèüèΩ‚ô•Ô∏èüôèüèΩüôèüèΩ  Trust  amp ;  Believe for  BETTER  DAYS to  come !  HappyFriday  Pray for  goodhealth  favor  good  fortune  GoodFriday !  bekindalways  shineon ! from üíé,1238558224489447424,happy,Fri Mar 13 20:11:06 +0000 2020
"RT @LuvaHairDaySpa: It's @LuvaHairDaySpa 7th Anniversary.
Thank you for all your Love and Support 
One Place a Better YOU! 
#hair #massage‚Ä¶",it is 7th Anniversary . Thank you for all your Love and Support One Place a Better YOU !  hair  massage‚Ä¶,1238557560531226625,happy,Fri Mar 13 20:08:28 +0000 2020
"‚ÄúAnd we know that all things #work #together for #good to them that #love #God, to them who are the called according to His #purpose.‚Äù ‚Äï Romans 8:28 #JesusChrist #Bible https://t.co/NSUsVzs8hi","‚Äú And we know that all things  work  together for  good to them that  love  God , to them who are the called according to His  purpose. ‚Äù ‚Äï Romans 8:28",1238556256866119680,happy,Fri Mar 13 20:03:17 +0000 2020
"@Paula_White üôèüèΩüôèüèΩ‚ô•Ô∏èüôèüèΩüôèüèΩ #GodIsGreat! #GodIsAble! 

#lucky &amp; #blessed #lucky13 #HappyFriday #Wishing you #goodhealth #favor &amp; #good #fortune Have a #GoodFriday! #bekindalways &amp; #shineon! from https://t.co/b1pchqiBTB üíé #follobackforfolloback @evettedabney #happyfridaythe13th üòÉ#FridayThe13th",üôèüèΩüôèüèΩ‚ô•Ô∏èüôèüèΩüôèüèΩ  GodIsGreat !  GodIsAble !  lucky  amp ;  blessed  lucky13  HappyFriday  Wishing you  goodhealth  favor  amp ;  good  fortune Have a  GoodFriday !  bekindalways  amp ;  shineon ! from üíé  follobackforfolloback  happyfridaythe13th üòÉ,1238556041769435136,happy,Fri Mar 13 20:02:26 +0000 2020
"#peter #mccormack, #host of #‚Äúwhat #bitcoin #did,‚Äù #discusses what makes a #good #podcast 
#instaeth #instavenezuela #cryptocurrency #crypto #btc #ico #cryptocurrencymarket #SmartCash #trading #ltc #money #stockmarket
https://t.co/NbbaaUMVuu"," peter  mccormack ,  host of  ‚Äú what  bitcoin  did , ‚Äù  discusses what makes a",1238555598024736776,happy,Fri Mar 13 20:00:40 +0000 2020
"At the johndoetriouk #album #launch #tonight 

After #weighing up the #coronavirus #risk I figured that #blues this #good is worth the risk!

I so #love this #album !

#lovemyjob #albumlaunch #johndoetrio‚Ä¶ https://t.co/r08mvhKRs1",At the johndoetriouk After  weighing up the  coronavirus  risk I figured that  blues this  good is worth the risk ! I so  love this  album !  lovemyjob  albumlaunch  johndoetrio‚Ä¶,1238554891842400258,happy,Fri Mar 13 19:57:52 +0000 2020
#Jesus said: The thief comes only to steal and kill and destroy. #I came that they may have #life and have it abundantly.I am the good shepherd.The #good #shepherd lays down his life for the #sheep., Jesus said : The thief comes only to steal and kill and destroy .  I came that they may have  life and have it abundantly.I am the good shepherd.The  good  shepherd lays down his life for the  sheep .,1238548736411869184,happy,Fri Mar 13 19:33:24 +0000 2020
#followback #red #kik #good #white #sweet #goodtimes #best#heart #for#onedirection #face #yummy #bestfriend #breakfast #loveyou #thea, followback  red  kik  good  white  sweet  goodtimes  best  heart  for,1238548435256496128,happy,Fri Mar 13 19:32:12 +0000 2020
"RT @mohit_sharma82: Thought of the day #good thought #positivity

#motivation #motivationalquotes https://t.co/3csHG9KLme",Thought of the day  good thought,1238543908914835456,happy,Fri Mar 13 19:14:13 +0000 2020
RT @giorgio_real: how are you?:) #cats #CatsOfTwitter #cat #friday #goodnight #follow #good https://t.co/Y2FgPjKUpE,how are you ? : ,1238540766231908354,happy,Fri Mar 13 19:01:44 +0000 2020
"RT @MaliHalls: #Common #Gull...#Good #morning #Tweeps, I hope your #friday is #fun, and your #weekend is #wonderful. https://t.co/gmRuGZthlB"," Common  Gull ...  Good  morning  Tweeps , I hope your  friday is  fun , and your  weekend is  wonderful .",1238540263582203904,happy,Fri Mar 13 18:59:44 +0000 2020
"It's @LuvaHairDaySpa 7th Anniversary.
Thank you for all your Love and Support 
One Place a Better YOU! 
#hair #massage #skincare #manicure #pedicure
call 781.321.2000
https://t.co/SqxpxkyYYA
#beauty #relax #loveit #good #celebration #fun #wellness #special #7aniverssary #maldenma https://t.co/56Jv0hOUAZ",it is 7th Anniversary . Thank you for all your Love and Support One Place a Better YOU ! call 781.321.2000,1238534837264420865,happy,Fri Mar 13 18:38:10 +0000 2020
"""Focus on you!"" Marina Amdream.
 #littlerock #lifecoaching #students  #videographer #life #happy  #motivationalspeaker #advice #good #teacher #quotes #seminar #inspiration #littlerock #conference #business #ideas #reading #book #inspired #work #model  #photographer #motivation https://t.co/IiWO6lx3Yy", Focus on you !  Marina Amdream .,1238528304698855425,happy,Fri Mar 13 18:12:13 +0000 2020
"Who wants to see me work out???
#workout #sexy #good #fun #add 
#exercise",Who wants to see me work out ? ? ?,1238518083523919874,happy,Fri Mar 13 17:31:36 +0000 2020
"No matter what is going on in your life, eating good food is always the best way to tackle it. Get it anytime you want with Y the Wait. Click here to install now - https://t.co/Rv1BgybDFU

#ythewait #digitalwaiter #good #food #dish https://t.co/lFXttHIbYP","No matter what is going on in your life , eating good food is always the best way to tackle it . Get it anytime you want with Y the Wait . Click here to install now ",1238517681927507969,happy,Fri Mar 13 17:30:00 +0000 2020
"RT @biljana_parapid: #Covid_19 took its 1st victim in #Greece this morning, but #peace &amp; #hope msg was still sent from Ancient #Olympia whe‚Ä¶"," Covid19 took its 1st victim in  Greece this morning , but  peace  amp ;  hope msg was still sent from Ancient  Olympia whe‚Ä¶",1238516917515714560,happy,Fri Mar 13 17:26:58 +0000 2020
@GMA @foxandfriends Wouldn‚Äôt this be a great thing to do for #good ! Create a #virtualprom Say Yes to #promdress Team Up @tiktok_us @VerbTech_Co @davidsbridal @ELLEmagazine @YouTube #win https://t.co/RVaAHdvePc,would not this be a great thing to do for  good ! Create a  virtualprom Say Yes to  promdress Team Up,1238516664515334146,happy,Fri Mar 13 17:25:58 +0000 2020
"Did you know about the Rumi Mosque‚Äôs services? Contact us for more information!

#friday #prayer #jummah #JummahMubarak #jummahprayer #charity #london #mosque #belief #faith #believer #islam #religion  #good #blessings #deed #uk #Edmonton #england #services https://t.co/jqEZ82V2vs",Did you know about the Rumi Mosque ‚Äô s services ? Contact us for more information !,1238516119671115778,happy,Fri Mar 13 17:23:48 +0000 2020
"Some thing happing #good in some days
Very #proud of you @Bhuvan_Bam ‚ù§Ô∏è
We all are #supporting you üíï‚úåÔ∏è https://t.co/LffEvN2EXH",Some thing happing  good in some days Very  proud of you ‚ù§Ô∏è We all are  supporting you üíï‚úåÔ∏è,1238513362905919488,happy,Fri Mar 13 17:12:50 +0000 2020
All of this is true. Be kind. #good #kind #pups  #life @ Good Days https://t.co/ElJWF84DRA,All of this is true . Be kind .  good  kind  pups  life  Good Days,1238511756621815809,happy,Fri Mar 13 17:06:27 +0000 2020
